{"cameraMode":{"drawMode":0,"name":"Shaded","section":"Shading Mode"},"sceneLighting":false,"audioPlay":false,"sceneViewState":{"showFog":true,"showMaterialUpdate":false,"showSkybox":false,"showFlares":true,"showImageEffects":true,"showParticleSystems":true},"in2DMode":false,"pivot":{"x":-8.356473922729493,"y":5.781770706176758,"z":0.9099093079566956},"rotation":{"x":-0.24050754308700562,"y":-0.6711533069610596,"z":0.24574245512485505,"w":-0.6568008065223694},"size":6.5298027992248539,"orthographic":false}