{"cameraMode":{"drawMode":0,"name":"Shaded","section":"Shading Mode"},"sceneLighting":false,"audioPlay":false,"sceneViewState":{"showFog":true,"showMaterialUpdate":false,"showSkybox":false,"showFlares":true,"showImageEffects":true,"showParticleSystems":true},"in2DMode":false,"pivot":{"x":-0.04631028324365616,"y":0.08274614810943604,"z":-0.11741375923156738},"rotation":{"x":-0.007820499129593373,"y":0.8998459577560425,"z":-0.43633055686950686,"w":-0.014018373563885689},"size":0.665195107460022,"orthographic":false}