{"cameraMode":{"drawMode":0,"name":"Shaded","section":"Shading Mode"},"sceneLighting":false,"audioPlay":false,"sceneViewState":{"showFog":true,"showMaterialUpdate":false,"showSkybox":false,"showFlares":true,"showImageEffects":true,"showParticleSystems":true},"in2DMode":false,"pivot":{"x":8.449999809265137,"y":-0.07000000029802323,"z":10.520000457763672},"rotation":{"x":-0.3483083248138428,"y":0.5938732028007507,"z":-0.31531617045402529,"w":-0.6533993482589722},"size":10.0,"orthographic":false}