{"cameraMode":{"drawMode":0,"name":"Shaded","section":"Shading Mode"},"sceneLighting":false,"audioPlay":false,"sceneViewState":{"showFog":true,"showMaterialUpdate":false,"showSkybox":false,"showFlares":true,"showImageEffects":true,"showParticleSystems":true},"in2DMode":false,"pivot":{"x":-19.80368423461914,"y":9.511295318603516,"z":4.0413007736206059},"rotation":{"x":-0.49938392639160159,"y":-0.4814055562019348,"z":0.4021989107131958,"w":-0.5977259278297424},"size":16.79080581665039,"orthographic":false}