{"cameraMode":{"drawMode":0,"name":"Shaded","section":"Shading Mode"},"sceneLighting":true,"audioPlay":false,"sceneViewState":{"showFog":true,"showMaterialUpdate":false,"showSkybox":true,"showFlares":true,"showImageEffects":true,"showParticleSystems":true},"in2DMode":false,"pivot":{"x":-0.14105463027954102,"y":57.20207977294922,"z":-95.99765014648438},"rotation":{"x":-0.34656500816345217,"y":0.03189798817038536,"z":-0.011152936145663262,"w":-0.9376798868179321},"size":17.733070373535158,"orthographic":false}