{"cameraMode":{"drawMode":0,"name":"Shaded","section":"Shading Mode"},"sceneLighting":false,"audioPlay":false,"sceneViewState":{"showFog":true,"showMaterialUpdate":false,"showSkybox":false,"showFlares":true,"showImageEffects":true,"showParticleSystems":true},"in2DMode":false,"pivot":{"x":3.5762786865234377e-7,"y":0.0,"z":-2.384185791015625e-7},"rotation":{"x":0.41891708970069888,"y":-0.015780970454216005,"z":0.007279967423528433,"w":0.907890796661377},"size":2.3703083992004396,"orthographic":false}